index,timestamp,mode,target_id,success,latency_ms,decision_reason,circuit_state,error_message
4,2026-09-21T21:30:28.7500465+05:30,ADAPTIVE,RAIL-A,true,0.000,ADAPTIVE_HEALTH_SCORE,,
5,2026-09-21T21:30:28.7500465+05:30,ADAPTIVE,RAIL-A,true,0.000,ADAPTIVE_HEALTH_SCORE,,
0,2026-09-21T21:30:28.7500465+05:30,ADAPTIVE,RAIL-A,true,0.000,ADAPTIVE_HEALTH_SCORE,,
6,2026-09-21T21:30:28.7500465+05:30,ADAPTIVE,RAIL-A,true,0.000,ADAPTIVE_HEALTH_SCORE,,
7,2026-09-21T21:30:28.7500465+05:30,ADAPTIVE,RAIL-A,true,0.000,ADAPTIVE_HEALTH_SCORE,,
8,2026-09-21T21:30:28.7500465+05:30,ADAPTIVE,RAIL-A,true,0.000,ADAPTIVE_HEALTH_SCORE,,
2,2026-09-21T21:30:28.7500465+05:30,ADAPTIVE,RAIL-A,true,0.000,ADAPTIVE_HEALTH_SCORE,,
15,2026-09-21T21:30:28.7500465+05:30,ADAPTIVE,RAIL-A,true,0.000,ADAPTIVE_HEALTH_SCORE,,
16,2026-09-21T21:30:28.7500465+05:30,ADAPTIVE,RAIL-A,true,0.000,ADAPTIVE_HEALTH_SCORE,,
12,2026-09-21T21:30:28.7500465+05:30,ADAPTIVE,RAIL-A,true,0.000,ADAPTIVE_HEALTH_SCORE,,
14,2026-09-21T21:30:28.7500465+05:30,ADAPTIVE,RAIL-A,true,0.000,ADAPTIVE_HEALTH_SCORE,,
11,2026-09-21T21:30:28.7500465+05:30,ADAPTIVE,RAIL-A,true,0.000,ADAPTIVE_HEALTH_SCORE,,
21,2026-09-21T21:30:28.7500465+05:30,ADAPTIVE,RAIL-A,true,0.000,ADAPTIVE_HEALTH_SCORE,,
10,2026-09-21T21:30:28.7500465+05:30,ADAPTIVE,RAIL-A,true,0.000,ADAPTIVE_HEALTH_SCORE,,
19,2026-09-21T21:30:28.7500465+05:30,ADAPTIVE,RAIL-A,true,0.000,ADAPTIVE_HEALTH_SCORE,,
23,2026-09-21T21:30:28.7500465+05:30,ADAPTIVE,RAIL-A,true,0.000,ADAPTIVE_HEALTH_SCORE,,
22,2026-09-21T21:30:28.7500465+05:30,ADAPTIVE,RAIL-A,true,0.000,ADAPTIVE_HEALTH_SCORE,,
1,2026-09-21T21:30:28.7500465+05:30,ADAPTIVE,RAIL-A,true,0.000,ADAPTIVE_HEALTH_SCORE,,
13,2026-09-21T21:30:28.7500465+05:30,ADAPTIVE,RAIL-A,true,0.000,ADAPTIVE_HEALTH_SCORE,,
27,2026-09-21T21:30:28.7500465+05:30,ADAPTIVE,RAIL-A,true,0.000,ADAPTIVE_HEALTH_SCORE,,
3,2026-09-21T21:30:28.7500465+05:30,ADAPTIVE,RAIL-A,true,0.000,ADAPTIVE_HEALTH_SCORE,,
25,2026-09-21T21:30:28.7500465+05:30,ADAPTIVE,RAIL-A,true,0.000,ADAPTIVE_HEALTH_SCORE,,
18,2026-09-21T21:30:28.7500465+05:30,ADAPTIVE,RAIL-A,true,0.000,ADAPTIVE_HEALTH_SCORE,,
32,2026-09-21T21:30:28.7500465+05:30,ADAPTIVE,RAIL-A,true,0.000,ADAPTIVE_HEALTH_SCORE,,
30,2026-09-21T21:30:28.7500465+05:30,ADAPTIVE,RAIL-A,true,0.000,ADAPTIVE_HEALTH_SCORE,,
24,2026-09-21T21:30:28.7500465+05:30,ADAPTIVE,RAIL-A,true,0.000,ADAPTIVE_HEALTH_SCORE,,
34,2026-09-21T21:30:28.7500465+05:30,ADAPTIVE,RAIL-A,true,0.000,ADAPTIVE_HEALTH_SCORE,,
36,2026-09-21T21:30:28.7500465+05:30,ADAPTIVE,RAIL-A,true,0.000,IDEMPOTENT_DUPLICATE_REUSE,,
31,2026-09-21T21:30:28.7500465+05:30,ADAPTIVE,RAIL-A,true,0.000,ADAPTIVE_HEALTH_SCORE,,
28,2026-09-21T21:30:28.7500465+05:30,ADAPTIVE,RAIL-A,true,0.000,ADAPTIVE_HEALTH_SCORE,,
39,2026-09-21T21:30:28.7500465+05:30,ADAPTIVE,RAIL-A,true,0.000,IDEMPOTENT_DUPLICATE_REUSE,,
29,2026-09-21T21:30:28.7500465+05:30,ADAPTIVE,RAIL-A,true,0.000,ADAPTIVE_HEALTH_SCORE,,
40,2026-09-21T21:30:28.7500465+05:30,ADAPTIVE,RAIL-A,true,0.000,ADAPTIVE_HEALTH_SCORE,,
41,2026-09-21T21:30:28.7500465+05:30,ADAPTIVE,RAIL-A,true,0.000,IDEMPOTENT_DUPLICATE_REUSE,,
42,2026-09-21T21:30:28.7500465+05:30,ADAPTIVE,RAIL-A,true,0.000,IDEMPOTENT_DUPLICATE_REUSE,,
44,2026-09-21T21:30:28.7500465+05:30,ADAPTIVE,RAIL-A,true,0.000,ADAPTIVE_HEALTH_SCORE,,
43,2026-09-21T21:30:28.7500465+05:30,ADAPTIVE,RAIL-A,true,0.000,ADAPTIVE_HEALTH_SCORE,,
45,2026-09-21T21:30:28.7500465+05:30,ADAPTIVE,RAIL-A,true,0.000,ADAPTIVE_HEALTH_SCORE,,
47,2026-09-21T21:30:28.7500465+05:30,ADAPTIVE,RAIL-A,true,0.000,IDEMPOTENT_DUPLICATE_REUSE,,
46,2026-09-21T21:30:28.7500465+05:30,ADAPTIVE,RAIL-A,true,0.000,ADAPTIVE_HEALTH_SCORE,,
48,2026-09-21T21:30:28.7500465+05:30,ADAPTIVE,RAIL-A,true,0.000,ADAPTIVE_HEALTH_SCORE,,
49,2026-09-21T21:30:28.7500465+05:30,ADAPTIVE,RAIL-A,true,0.000,ADAPTIVE_HEALTH_SCORE,,
50,2026-09-21T21:30:28.7500465+05:30,ADAPTIVE,RAIL-A,true,0.000,IDEMPOTENT_DUPLICATE_REUSE,,
38,2026-09-21T21:30:28.7500465+05:30,ADAPTIVE,RAIL-A,true,0.000,ADAPTIVE_HEALTH_SCORE,,
51,2026-09-21T21:30:28.7500465+05:30,ADAPTIVE,RAIL-A,true,0.000,ADAPTIVE_HEALTH_SCORE,,
53,2026-09-21T21:30:28.7500465+05:30,ADAPTIVE,RAIL-A,true,0.000,ADAPTIVE_HEALTH_SCORE,,
54,2026-09-21T21:30:28.7500465+05:30,ADAPTIVE,RAIL-A,true,0.000,ADAPTIVE_HEALTH_SCORE,,
55,2026-09-21T21:30:28.7500465+05:30,ADAPTIVE,RAIL-A,true,0.000,ADAPTIVE_HEALTH_SCORE,,
56,2026-09-21T21:30:28.7500465+05:30,ADAPTIVE,RAIL-A,true,0.000,ADAPTIVE_HEALTH_SCORE,,
57,2026-09-21T21:30:28.7500465+05:30,ADAPTIVE,RAIL-A,true,0.000,ADAPTIVE_HEALTH_SCORE,,
59,2026-09-21T21:30:28.7500465+05:30,ADAPTIVE,RAIL-A,true,0.000,IDEMPOTENT_DUPLICATE_REUSE,,
58,2026-09-21T21:30:28.7500465+05:30,ADAPTIVE,RAIL-A,true,0.000,ADAPTIVE_HEALTH_SCORE,,
61,2026-09-21T21:30:28.7500465+05:30,ADAPTIVE,RAIL-A,true,0.000,IDEMPOTENT_DUPLICATE_REUSE,,
9,2026-09-21T21:30:28.7500465+05:30,ADAPTIVE,RAIL-A,true,0.000,ADAPTIVE_HEALTH_SCORE,,
60,2026-09-21T21:30:28.7500465+05:30,ADAPTIVE,RAIL-A,true,0.000,ADAPTIVE_HEALTH_SCORE,,
64,2026-09-21T21:30:28.7500465+05:30,ADAPTIVE,RAIL-A,true,0.000,IDEMPOTENT_DUPLICATE_REUSE,,
62,2026-09-21T21:30:28.7500465+05:30,ADAPTIVE,RAIL-A,true,0.000,ADAPTIVE_HEALTH_SCORE,,
63,2026-09-21T21:30:28.7500465+05:30,ADAPTIVE,RAIL-A,true,0.000,IDEMPOTENT_DUPLICATE_REUSE,,
65,2026-09-21T21:30:28.7500465+05:30,ADAPTIVE,RAIL-A,true,0.000,ADAPTIVE_HEALTH_SCORE,,
67,2026-09-21T21:30:28.7500465+05:30,ADAPTIVE,RAIL-A,true,0.000,IDEMPOTENT_DUPLICATE_REUSE,,
20,2026-09-21T21:30:28.7500465+05:30,ADAPTIVE,RAIL-A,true,0.000,ADAPTIVE_HEALTH_SCORE,,
37,2026-09-21T21:30:28.7500465+05:30,ADAPTIVE,RAIL-A,true,0.000,ADAPTIVE_HEALTH_SCORE,,
33,2026-09-21T21:30:28.7500465+05:30,ADAPTIVE,RAIL-A,true,0.000,ADAPTIVE_HEALTH_SCORE,,
69,2026-09-21T21:30:28.7500465+05:30,ADAPTIVE,RAIL-A,true,0.000,ADAPTIVE_HEALTH_SCORE,,
66,2026-09-21T21:30:28.7500465+05:30,ADAPTIVE,RAIL-A,true,0.000,IDEMPOTENT_DUPLICATE_REUSE,,
71,2026-09-21T21:30:28.7500465+05:30,ADAPTIVE,RAIL-A,true,0.000,ADAPTIVE_HEALTH_SCORE,,
75,2026-09-21T21:30:28.7500465+05:30,ADAPTIVE,RAIL-A,true,0.000,IDEMPOTENT_DUPLICATE_REUSE,,
26,2026-09-21T21:30:28.7500465+05:30,ADAPTIVE,RAIL-A,true,0.000,ADAPTIVE_HEALTH_SCORE,,
35,2026-09-21T21:30:28.7500465+05:30,ADAPTIVE,RAIL-A,true,0.000,ADAPTIVE_HEALTH_SCORE,,
17,2026-09-21T21:30:28.7500465+05:30,ADAPTIVE,RAIL-A,true,0.000,ADAPTIVE_HEALTH_SCORE,,
77,2026-09-21T21:30:28.7500465+05:30,ADAPTIVE,RAIL-A,true,0.000,ADAPTIVE_HEALTH_SCORE,,
70,2026-09-21T21:30:28.7500465+05:30,ADAPTIVE,RAIL-A,true,0.000,ADAPTIVE_HEALTH_SCORE,,
80,2026-09-21T21:30:28.7500465+05:30,ADAPTIVE,RAIL-A,true,0.000,ADAPTIVE_HEALTH_SCORE,,
78,2026-09-21T21:30:28.7500465+05:30,ADAPTIVE,RAIL-A,true,0.000,ADAPTIVE_HEALTH_SCORE,,
82,2026-09-21T21:30:28.7500465+05:30,ADAPTIVE,RAIL-A,true,0.000,ADAPTIVE_HEALTH_SCORE,,
83,2026-09-21T21:30:28.7500465+05:30,ADAPTIVE,RAIL-A,true,0.000,IDEMPOTENT_DUPLICATE_REUSE,,
76,2026-09-21T21:30:28.7500465+05:30,ADAPTIVE,RAIL-A,true,0.000,ADAPTIVE_HEALTH_SCORE,,
81,2026-09-21T21:30:28.7500465+05:30,ADAPTIVE,RAIL-A,true,0.000,ADAPTIVE_HEALTH_SCORE,,
87,2026-09-21T21:30:28.7500465+05:30,ADAPTIVE,RAIL-A,true,0.000,IDEMPOTENT_DUPLICATE_REUSE,,
86,2026-09-21T21:30:28.7500465+05:30,ADAPTIVE,RAIL-A,true,0.000,ADAPTIVE_HEALTH_SCORE,,
73,2026-09-21T21:30:28.7500465+05:30,ADAPTIVE,RAIL-A,true,0.000,ADAPTIVE_HEALTH_SCORE,,
84,2026-09-21T21:30:28.7500465+05:30,ADAPTIVE,RAIL-A,true,0.000,ADAPTIVE_HEALTH_SCORE,,
88,2026-09-21T21:30:28.7500465+05:30,ADAPTIVE,RAIL-A,true,0.000,ADAPTIVE_HEALTH_SCORE,,
74,2026-09-21T21:30:28.7500465+05:30,ADAPTIVE,RAIL-A,true,0.000,ADAPTIVE_HEALTH_SCORE,,
89,2026-09-21T21:30:28.7500465+05:30,ADAPTIVE,RAIL-A,true,0.000,ADAPTIVE_HEALTH_SCORE,,
93,2026-09-21T21:30:28.7500465+05:30,ADAPTIVE,RAIL-A,true,0.000,ADAPTIVE_HEALTH_SCORE,,
79,2026-09-21T21:30:28.7500465+05:30,ADAPTIVE,RAIL-A,true,0.000,ADAPTIVE_HEALTH_SCORE,,
96,2026-09-21T21:30:28.7500465+05:30,ADAPTIVE,RAIL-A,true,0.000,ADAPTIVE_HEALTH_SCORE,,
97,2026-09-21T21:30:28.7500465+05:30,ADAPTIVE,RAIL-A,true,0.000,IDEMPOTENT_DUPLICATE_REUSE,,
68,2026-09-21T21:30:28.7500465+05:30,ADAPTIVE,RAIL-A,true,0.000,ADAPTIVE_HEALTH_SCORE,,
98,2026-09-21T21:30:28.7500465+05:30,ADAPTIVE,RAIL-A,true,0.000,IDEMPOTENT_DUPLICATE_REUSE,,
72,2026-09-21T21:30:28.7500465+05:30,ADAPTIVE,RAIL-A,true,0.000,ADAPTIVE_HEALTH_SCORE,,
100,2026-09-21T21:30:28.7500465+05:30,ADAPTIVE,RAIL-A,true,0.000,ADAPTIVE_HEALTH_SCORE,,
99,2026-09-21T21:30:28.7500465+05:30,ADAPTIVE,RAIL-A,true,0.000,ADAPTIVE_HEALTH_SCORE,,
52,2026-09-21T21:30:28.7500465+05:30,ADAPTIVE,RAIL-A,true,0.000,ADAPTIVE_HEALTH_SCORE,,
103,2026-09-21T21:30:28.7500465+05:30,ADAPTIVE,RAIL-A,true,0.000,IDEMPOTENT_DUPLICATE_REUSE,,
104,2026-09-21T21:30:28.7500465+05:30,ADAPTIVE,RAIL-A,true,0.000,IDEMPOTENT_DUPLICATE_REUSE,,
106,2026-09-21T21:30:28.7500465+05:30,ADAPTIVE,RAIL-A,true,0.000,IDEMPOTENT_DUPLICATE_REUSE,,
85,2026-09-21T21:30:28.7500465+05:30,ADAPTIVE,RAIL-A,true,0.000,ADAPTIVE_HEALTH_SCORE,,
107,2026-09-21T21:30:28.7500465+05:30,ADAPTIVE,RAIL-A,true,0.000,IDEMPOTENT_DUPLICATE_REUSE,,
101,2026-09-21T21:30:28.7500465+05:30,ADAPTIVE,RAIL-A,true,0.000,ADAPTIVE_HEALTH_SCORE,,
105,2026-09-21T21:30:28.7500465+05:30,ADAPTIVE,RAIL-A,true,0.000,ADAPTIVE_HEALTH_SCORE,,
111,2026-09-21T21:30:28.7500465+05:30,ADAPTIVE,RAIL-A,true,0.000,IDEMPOTENT_DUPLICATE_REUSE,,
112,2026-09-21T21:30:28.7500465+05:30,ADAPTIVE,RAIL-A,true,0.000,IDEMPOTENT_DUPLICATE_REUSE,,
110,2026-09-21T21:30:28.7500465+05:30,ADAPTIVE,RAIL-A,true,0.000,ADAPTIVE_HEALTH_SCORE,,
94,2026-09-21T21:30:28.7500465+05:30,ADAPTIVE,RAIL-A,true,0.000,ADAPTIVE_HEALTH_SCORE,,
114,2026-09-21T21:30:28.7500465+05:30,ADAPTIVE,RAIL-A,true,0.000,ADAPTIVE_HEALTH_SCORE,,
95,2026-09-21T21:30:28.7500465+05:30,ADAPTIVE,RAIL-A,true,0.000,ADAPTIVE_HEALTH_SCORE,,
92,2026-09-21T21:30:28.7500465+05:30,ADAPTIVE,RAIL-A,true,0.000,ADAPTIVE_HEALTH_SCORE,,
116,2026-09-21T21:30:28.7500465+05:30,ADAPTIVE,RAIL-A,true,0.000,ADAPTIVE_HEALTH_SCORE,,
118,2026-09-21T21:30:28.7500465+05:30,ADAPTIVE,RAIL-A,true,0.000,IDEMPOTENT_DUPLICATE_REUSE,,
119,2026-09-21T21:30:28.7500465+05:30,ADAPTIVE,RAIL-A,true,0.000,IDEMPOTENT_DUPLICATE_REUSE,,
115,2026-09-21T21:30:28.7500465+05:30,ADAPTIVE,RAIL-A,true,0.000,ADAPTIVE_HEALTH_SCORE,,
122,2026-09-21T21:30:28.7500465+05:30,ADAPTIVE,RAIL-A,true,0.000,IDEMPOTENT_DUPLICATE_REUSE,,
117,2026-09-21T21:30:28.7500465+05:30,ADAPTIVE,RAIL-A,true,0.000,ADAPTIVE_HEALTH_SCORE,,
124,2026-09-21T21:30:28.7500465+05:30,ADAPTIVE,RAIL-A,true,0.000,IDEMPOTENT_DUPLICATE_REUSE,,
123,2026-09-21T21:30:28.7500465+05:30,ADAPTIVE,RAIL-A,true,0.000,ADAPTIVE_HEALTH_SCORE,,
125,2026-09-21T21:30:28.7500465+05:30,ADAPTIVE,RAIL-A,true,0.000,IDEMPOTENT_DUPLICATE_REUSE,,
90,2026-09-21T21:30:28.7500465+05:30,ADAPTIVE,RAIL-A,true,0.000,ADAPTIVE_HEALTH_SCORE,,
108,2026-09-21T21:30:28.7500465+05:30,ADAPTIVE,RAIL-A,true,0.000,ADAPTIVE_HEALTH_SCORE,,
126,2026-09-21T21:30:28.7500465+05:30,ADAPTIVE,RAIL-A,true,0.000,ADAPTIVE_HEALTH_SCORE,,
130,2026-09-21T21:30:28.7500465+05:30,ADAPTIVE,RAIL-A,true,0.000,IDEMPOTENT_DUPLICATE_REUSE,,
129,2026-09-21T21:30:28.7500465+05:30,ADAPTIVE,RAIL-A,true,0.000,IDEMPOTENT_DUPLICATE_REUSE,,
102,2026-09-21T21:30:28.7500465+05:30,ADAPTIVE,RAIL-A,true,0.000,ADAPTIVE_HEALTH_SCORE,,
133,2026-09-21T21:30:28.7500465+05:30,ADAPTIVE,RAIL-A,true,0.000,IDEMPOTENT_DUPLICATE_REUSE,,
109,2026-09-21T21:30:28.7500465+05:30,ADAPTIVE,RAIL-A,true,0.000,ADAPTIVE_HEALTH_SCORE,,
135,2026-09-21T21:30:28.7500465+05:30,ADAPTIVE,RAIL-A,true,0.000,ADAPTIVE_HEALTH_SCORE,,
91,2026-09-21T21:30:28.7500465+05:30,ADAPTIVE,RAIL-A,true,0.000,ADAPTIVE_HEALTH_SCORE,,
137,2026-09-21T21:30:28.7500465+05:30,ADAPTIVE,RAIL-A,true,0.000,IDEMPOTENT_DUPLICATE_REUSE,,
136,2026-09-21T21:30:28.7500465+05:30,ADAPTIVE,RAIL-A,true,0.000,ADAPTIVE_HEALTH_SCORE,,
138,2026-09-21T21:30:28.7500465+05:30,ADAPTIVE,RAIL-A,true,0.000,IDEMPOTENT_DUPLICATE_REUSE,,
121,2026-09-21T21:30:28.7500465+05:30,ADAPTIVE,RAIL-A,true,0.000,ADAPTIVE_HEALTH_SCORE,,
120,2026-09-21T21:30:28.7500465+05:30,ADAPTIVE,RAIL-A,true,0.000,ADAPTIVE_HEALTH_SCORE,,
113,2026-09-21T21:30:28.7500465+05:30,ADAPTIVE,RAIL-A,true,0.000,ADAPTIVE_HEALTH_SCORE,,
140,2026-09-21T21:30:28.7500465+05:30,ADAPTIVE,RAIL-A,true,0.000,ADAPTIVE_HEALTH_SCORE,,
128,2026-09-21T21:30:28.7500465+05:30,ADAPTIVE,RAIL-A,true,0.000,ADAPTIVE_HEALTH_SCORE,,
143,2026-09-21T21:30:28.7500465+05:30,ADAPTIVE,RAIL-A,true,0.000,ADAPTIVE_HEALTH_SCORE,,
131,2026-09-21T21:30:28.7500465+05:30,ADAPTIVE,RAIL-A,true,0.000,ADAPTIVE_HEALTH_SCORE,,
146,2026-09-21T21:30:28.7500465+05:30,ADAPTIVE,RAIL-A,true,0.000,ADAPTIVE_HEALTH_SCORE,,
132,2026-09-21T21:30:28.7500465+05:30,ADAPTIVE,RAIL-A,true,0.000,ADAPTIVE_HEALTH_SCORE,,
142,2026-09-21T21:30:28.7500465+05:30,ADAPTIVE,RAIL-A,true,0.000,ADAPTIVE_HEALTH_SCORE,,
134,2026-09-21T21:30:28.7500465+05:30,ADAPTIVE,RAIL-A,true,0.000,ADAPTIVE_HEALTH_SCORE,,
147,2026-09-21T21:30:28.7500465+05:30,ADAPTIVE,RAIL-A,true,0.000,ADAPTIVE_HEALTH_SCORE,,
127,2026-09-21T21:30:28.7500465+05:30,ADAPTIVE,RAIL-A,true,0.000,ADAPTIVE_HEALTH_SCORE,,
153,2026-09-21T21:30:28.7500465+05:30,ADAPTIVE,RAIL-A,true,0.000,IDEMPOTENT_DUPLICATE_REUSE,,
141,2026-09-21T21:30:28.7500465+05:30,ADAPTIVE,RAIL-A,true,0.000,IDEMPOTENT_DUPLICATE_REUSE,,
151,2026-09-21T21:30:28.7500465+05:30,ADAPTIVE,RAIL-A,true,0.000,ADAPTIVE_HEALTH_SCORE,,
156,2026-09-21T21:30:28.7500465+05:30,ADAPTIVE,RAIL-A,true,0.000,IDEMPOTENT_DUPLICATE_REUSE,,
155,2026-09-21T21:30:28.7500465+05:30,ADAPTIVE,RAIL-A,true,0.000,ADAPTIVE_HEALTH_SCORE,,
158,2026-09-21T21:30:28.7500465+05:30,ADAPTIVE,RAIL-A,true,0.000,IDEMPOTENT_DUPLICATE_REUSE,,
145,2026-09-21T21:30:28.7500465+05:30,ADAPTIVE,RAIL-A,true,0.000,IDEMPOTENT_DUPLICATE_REUSE,,
160,2026-09-21T21:30:28.7500465+05:30,ADAPTIVE,RAIL-A,true,0.000,IDEMPOTENT_DUPLICATE_REUSE,,
149,2026-09-21T21:30:28.7500465+05:30,ADAPTIVE,RAIL-A,true,0.000,ADAPTIVE_HEALTH_SCORE,,
157,2026-09-21T21:30:28.7500465+05:30,ADAPTIVE,RAIL-A,true,0.000,ADAPTIVE_HEALTH_SCORE,,
162,2026-09-21T21:30:28.7500465+05:30,ADAPTIVE,RAIL-A,true,0.000,ADAPTIVE_HEALTH_SCORE,,
164,2026-09-21T21:30:28.7500465+05:30,ADAPTIVE,RAIL-A,true,0.000,IDEMPOTENT_DUPLICATE_REUSE,,
139,2026-09-21T21:30:28.7500465+05:30,ADAPTIVE,RAIL-A,true,0.000,ADAPTIVE_HEALTH_SCORE,,
148,2026-09-21T21:30:28.7500465+05:30,ADAPTIVE,RAIL-A,true,0.000,ADAPTIVE_HEALTH_SCORE,,
167,2026-09-21T21:30:28.7500465+05:30,ADAPTIVE,RAIL-A,true,0.000,IDEMPOTENT_DUPLICATE_REUSE,,
168,2026-09-21T21:30:28.7500465+05:30,ADAPTIVE,RAIL-A,true,0.000,IDEMPOTENT_DUPLICATE_REUSE,,
165,2026-09-21T21:30:28.7500465+05:30,ADAPTIVE,RAIL-A,true,0.000,ADAPTIVE_HEALTH_SCORE,,
161,2026-09-21T21:30:28.7500465+05:30,ADAPTIVE,RAIL-A,true,0.000,ADAPTIVE_HEALTH_SCORE,,
170,2026-09-21T21:30:28.7500465+05:30,ADAPTIVE,RAIL-A,true,0.000,IDEMPOTENT_DUPLICATE_REUSE,,
169,2026-09-21T21:30:28.7500465+05:30,ADAPTIVE,RAIL-A,true,0.000,ADAPTIVE_HEALTH_SCORE,,
171,2026-09-21T21:30:28.7500465+05:30,ADAPTIVE,RAIL-A,true,0.000,IDEMPOTENT_DUPLICATE_REUSE,,
173,2026-09-21T21:30:28.7500465+05:30,ADAPTIVE,RAIL-A,true,0.000,IDEMPOTENT_DUPLICATE_REUSE,,
166,2026-09-21T21:30:28.7500465+05:30,ADAPTIVE,RAIL-A,true,0.000,ADAPTIVE_HEALTH_SCORE,,
172,2026-09-21T21:30:28.7500465+05:30,ADAPTIVE,RAIL-A,true,0.000,ADAPTIVE_HEALTH_SCORE,,
175,2026-09-21T21:30:28.7500465+05:30,ADAPTIVE,RAIL-A,true,0.000,ADAPTIVE_HEALTH_SCORE,,
177,2026-09-21T21:30:28.7500465+05:30,ADAPTIVE,RAIL-A,true,0.000,ADAPTIVE_HEALTH_SCORE,,
179,2026-09-21T21:30:28.7500465+05:30,ADAPTIVE,RAIL-A,true,0.000,ADAPTIVE_HEALTH_SCORE,,
152,2026-09-21T21:30:28.7500465+05:30,ADAPTIVE,RAIL-A,true,0.000,ADAPTIVE_HEALTH_SCORE,,
181,2026-09-21T21:30:28.7500465+05:30,ADAPTIVE,RAIL-A,true,0.000,IDEMPOTENT_DUPLICATE_REUSE,,
178,2026-09-21T21:30:28.7500465+05:30,ADAPTIVE,RAIL-A,true,0.000,ADAPTIVE_HEALTH_SCORE,,
182,2026-09-21T21:30:28.7500465+05:30,ADAPTIVE,RAIL-A,true,0.000,ADAPTIVE_HEALTH_SCORE,,
183,2026-09-21T21:30:28.7500465+05:30,ADAPTIVE,RAIL-A,true,0.000,IDEMPOTENT_DUPLICATE_REUSE,,
185,2026-09-21T21:30:28.7500465+05:30,ADAPTIVE,RAIL-A,true,0.000,ADAPTIVE_HEALTH_SCORE,,
186,2026-09-21T21:30:28.7500465+05:30,ADAPTIVE,RAIL-A,true,0.000,IDEMPOTENT_DUPLICATE_REUSE,,
187,2026-09-21T21:30:28.7505522+05:30,ADAPTIVE,RAIL-A,true,0.000,IDEMPOTENT_DUPLICATE_REUSE,,
188,2026-09-21T21:30:28.7505522+05:30,ADAPTIVE,RAIL-A,true,0.000,IDEMPOTENT_DUPLICATE_REUSE,,
189,2026-09-21T21:30:28.7505522+05:30,ADAPTIVE,RAIL-A,true,0.000,IDEMPOTENT_DUPLICATE_REUSE,,
190,2026-09-21T21:30:28.7505522+05:30,ADAPTIVE,RAIL-A,true,0.000,ADAPTIVE_HEALTH_SCORE,,
191,2026-09-21T21:30:28.7505522+05:30,ADAPTIVE,RAIL-A,true,0.000,ADAPTIVE_HEALTH_SCORE,,
192,2026-09-21T21:30:28.7505522+05:30,ADAPTIVE,RAIL-A,true,0.000,IDEMPOTENT_DUPLICATE_REUSE,,
193,2026-09-21T21:30:28.7505522+05:30,ADAPTIVE,RAIL-A,true,0.000,IDEMPOTENT_DUPLICATE_REUSE,,
180,2026-09-21T21:30:28.7500465+05:30,ADAPTIVE,RAIL-A,true,0.000,ADAPTIVE_HEALTH_SCORE,,
194,2026-09-21T21:30:28.7505522+05:30,ADAPTIVE,RAIL-A,true,0.000,IDEMPOTENT_DUPLICATE_REUSE,,
195,2026-09-21T21:30:28.7505522+05:30,ADAPTIVE,RAIL-A,true,0.000,ADAPTIVE_HEALTH_SCORE,,
196,2026-09-21T21:30:28.7505522+05:30,ADAPTIVE,RAIL-A,true,0.000,IDEMPOTENT_DUPLICATE_REUSE,,
198,2026-09-21T21:30:28.7505522+05:30,ADAPTIVE,RAIL-A,true,0.000,IDEMPOTENT_DUPLICATE_REUSE,,
163,2026-09-21T21:30:28.7500465+05:30,ADAPTIVE,RAIL-A,true,0.000,ADAPTIVE_HEALTH_SCORE,,
200,2026-09-21T21:30:28.7505522+05:30,ADAPTIVE,RAIL-A,true,0.000,IDEMPOTENT_DUPLICATE_REUSE,,
184,2026-09-21T21:30:28.7500465+05:30,ADAPTIVE,RAIL-A,true,0.000,ADAPTIVE_HEALTH_SCORE,,
150,2026-09-21T21:30:28.7500465+05:30,ADAPTIVE,RAIL-A,true,0.000,ADAPTIVE_HEALTH_SCORE,,
203,2026-09-21T21:30:28.7505522+05:30,ADAPTIVE,RAIL-A,true,0.000,IDEMPOTENT_DUPLICATE_REUSE,,
197,2026-09-21T21:30:28.7505522+05:30,ADAPTIVE,RAIL-A,true,0.000,ADAPTIVE_HEALTH_SCORE,,
199,2026-09-21T21:30:28.7505522+05:30,ADAPTIVE,RAIL-A,true,0.000,ADAPTIVE_HEALTH_SCORE,,
205,2026-09-21T21:30:28.7505522+05:30,ADAPTIVE,RAIL-A,true,0.000,ADAPTIVE_HEALTH_SCORE,,
204,2026-09-21T21:30:28.7505522+05:30,ADAPTIVE,RAIL-A,true,0.000,ADAPTIVE_HEALTH_SCORE,,
159,2026-09-21T21:30:28.7500465+05:30,ADAPTIVE,RAIL-A,true,0.000,ADAPTIVE_HEALTH_SCORE,,
206,2026-09-21T21:30:28.7505522+05:30,ADAPTIVE,RAIL-A,true,0.000,ADAPTIVE_HEALTH_SCORE,,
208,2026-09-21T21:30:28.7505522+05:30,ADAPTIVE,RAIL-A,true,0.000,IDEMPOTENT_DUPLICATE_REUSE,,
211,2026-09-21T21:30:28.7505522+05:30,ADAPTIVE,RAIL-A,true,0.000,IDEMPOTENT_DUPLICATE_REUSE,,
144,2026-09-21T21:30:28.7500465+05:30,ADAPTIVE,RAIL-A,true,0.000,ADAPTIVE_HEALTH_SCORE,,
213,2026-09-21T21:30:28.7505522+05:30,ADAPTIVE,RAIL-A,true,0.000,IDEMPOTENT_DUPLICATE_REUSE,,
209,2026-09-21T21:30:28.7505522+05:30,ADAPTIVE,RAIL-A,true,0.000,IDEMPOTENT_DUPLICATE_REUSE,,
207,2026-09-21T21:30:28.7505522+05:30,ADAPTIVE,RAIL-A,true,0.000,ADAPTIVE_HEALTH_SCORE,,
202,2026-09-21T21:30:28.7505522+05:30,ADAPTIVE,RAIL-A,true,0.000,ADAPTIVE_HEALTH_SCORE,,
217,2026-09-21T21:30:28.7505522+05:30,ADAPTIVE,RAIL-A,true,0.000,IDEMPOTENT_DUPLICATE_REUSE,,
218,2026-09-21T21:30:28.7505522+05:30,ADAPTIVE,RAIL-A,true,0.000,IDEMPOTENT_DUPLICATE_REUSE,,
174,2026-09-21T21:30:28.7500465+05:30,ADAPTIVE,RAIL-A,true,0.000,ADAPTIVE_HEALTH_SCORE,,
216,2026-09-21T21:30:28.7505522+05:30,ADAPTIVE,RAIL-A,true,0.000,IDEMPOTENT_DUPLICATE_REUSE,,
220,2026-09-21T21:30:28.7505522+05:30,ADAPTIVE,RAIL-A,true,0.000,IDEMPOTENT_DUPLICATE_REUSE,,
221,2026-09-21T21:30:28.7505522+05:30,ADAPTIVE,RAIL-A,true,0.000,IDEMPOTENT_DUPLICATE_REUSE,,
215,2026-09-21T21:30:28.7505522+05:30,ADAPTIVE,RAIL-A,true,0.000,ADAPTIVE_HEALTH_SCORE,,
219,2026-09-21T21:30:28.7505522+05:30,ADAPTIVE,RAIL-A,true,0.000,IDEMPOTENT_DUPLICATE_REUSE,,
225,2026-09-21T21:30:28.7505522+05:30,ADAPTIVE,RAIL-A,true,0.000,IDEMPOTENT_DUPLICATE_REUSE,,
226,2026-09-21T21:30:28.7505522+05:30,ADAPTIVE,RAIL-A,true,0.000,IDEMPOTENT_DUPLICATE_REUSE,,
223,2026-09-21T21:30:28.7505522+05:30,ADAPTIVE,RAIL-A,true,0.000,ADAPTIVE_HEALTH_SCORE,,
210,2026-09-21T21:30:28.7505522+05:30,ADAPTIVE,RAIL-A,true,0.000,ADAPTIVE_HEALTH_SCORE,,
228,2026-09-21T21:30:28.7505522+05:30,ADAPTIVE,RAIL-A,true,0.000,IDEMPOTENT_DUPLICATE_REUSE,,
227,2026-09-21T21:30:28.7505522+05:30,ADAPTIVE,RAIL-A,true,0.000,ADAPTIVE_HEALTH_SCORE,,
231,2026-09-21T21:30:28.7505522+05:30,ADAPTIVE,RAIL-A,true,0.000,IDEMPOTENT_DUPLICATE_REUSE,,
176,2026-09-21T21:30:28.7500465+05:30,ADAPTIVE,RAIL-A,true,0.000,ADAPTIVE_HEALTH_SCORE,,
154,2026-09-21T21:30:28.7500465+05:30,ADAPTIVE,RAIL-A,true,0.000,ADAPTIVE_HEALTH_SCORE,,
234,2026-09-21T21:30:28.7505522+05:30,ADAPTIVE,RAIL-A,true,0.000,IDEMPOTENT_DUPLICATE_REUSE,,
235,2026-09-21T21:30:28.7505522+05:30,ADAPTIVE,RAIL-A,true,0.000,IDEMPOTENT_DUPLICATE_REUSE,,
236,2026-09-21T21:30:28.7505522+05:30,ADAPTIVE,RAIL-A,true,0.000,IDEMPOTENT_DUPLICATE_REUSE,,
212,2026-09-21T21:30:28.7505522+05:30,ADAPTIVE,RAIL-A,true,0.000,ADAPTIVE_HEALTH_SCORE,,
222,2026-09-21T21:30:28.7505522+05:30,ADAPTIVE,RAIL-A,true,0.000,IDEMPOTENT_DUPLICATE_REUSE,,
233,2026-09-21T21:30:28.7505522+05:30,ADAPTIVE,RAIL-A,true,0.000,ADAPTIVE_HEALTH_SCORE,,
238,2026-09-21T21:30:28.7505522+05:30,ADAPTIVE,RAIL-A,true,0.000,IDEMPOTENT_DUPLICATE_REUSE,,
214,2026-09-21T21:30:28.7505522+05:30,ADAPTIVE,RAIL-A,true,0.000,ADAPTIVE_HEALTH_SCORE,,
237,2026-09-21T21:30:28.7505522+05:30,ADAPTIVE,RAIL-A,true,0.000,IDEMPOTENT_DUPLICATE_REUSE,,
242,2026-09-21T21:30:28.7505522+05:30,ADAPTIVE,RAIL-A,true,0.000,IDEMPOTENT_DUPLICATE_REUSE,,
243,2026-09-21T21:30:28.7505522+05:30,ADAPTIVE,RAIL-A,true,0.000,IDEMPOTENT_DUPLICATE_REUSE,,
230,2026-09-21T21:30:28.7505522+05:30,ADAPTIVE,RAIL-A,true,0.000,ADAPTIVE_HEALTH_SCORE,,
244,2026-09-21T21:30:28.7505522+05:30,ADAPTIVE,RAIL-A,true,0.000,IDEMPOTENT_DUPLICATE_REUSE,,
240,2026-09-21T21:30:28.7505522+05:30,ADAPTIVE,RAIL-A,true,0.000,IDEMPOTENT_DUPLICATE_REUSE,,
239,2026-09-21T21:30:28.7505522+05:30,ADAPTIVE,RAIL-A,true,0.000,ADAPTIVE_HEALTH_SCORE,,
246,2026-09-21T21:30:28.7505522+05:30,ADAPTIVE,RAIL-A,true,0.000,IDEMPOTENT_DUPLICATE_REUSE,,
232,2026-09-21T21:30:28.7505522+05:30,ADAPTIVE,RAIL-A,true,0.000,ADAPTIVE_HEALTH_SCORE,,
249,2026-09-21T21:30:28.7505522+05:30,ADAPTIVE,RAIL-A,true,0.000,IDEMPOTENT_DUPLICATE_REUSE,,
201,2026-09-21T21:30:28.7505522+05:30,ADAPTIVE,RAIL-A,true,0.000,ADAPTIVE_HEALTH_SCORE,,
250,2026-09-21T21:30:28.7505522+05:30,ADAPTIVE,RAIL-A,true,0.000,ADAPTIVE_HEALTH_SCORE,,
253,2026-09-21T21:30:28.7505522+05:30,ADAPTIVE,RAIL-A,true,0.000,ADAPTIVE_HEALTH_SCORE,,
254,2026-09-21T21:30:28.7505522+05:30,ADAPTIVE,RAIL-A,true,0.000,ADAPTIVE_HEALTH_SCORE,,
247,2026-09-21T21:30:28.7505522+05:30,ADAPTIVE,RAIL-A,true,0.000,IDEMPOTENT_DUPLICATE_REUSE,,
252,2026-09-21T21:30:28.7505522+05:30,ADAPTIVE,RAIL-A,true,0.000,IDEMPOTENT_DUPLICATE_REUSE,,
241,2026-09-21T21:30:28.7505522+05:30,ADAPTIVE,RAIL-A,true,0.000,IDEMPOTENT_DUPLICATE_REUSE,,
255,2026-09-21T21:30:28.7505522+05:30,ADAPTIVE,RAIL-A,true,0.000,ADAPTIVE_HEALTH_SCORE,,
259,2026-09-21T21:30:28.7505522+05:30,ADAPTIVE,RAIL-A,true,0.000,IDEMPOTENT_DUPLICATE_REUSE,,
257,2026-09-21T21:30:28.7505522+05:30,ADAPTIVE,RAIL-A,true,0.000,ADAPTIVE_HEALTH_SCORE,,
248,2026-09-21T21:30:28.7505522+05:30,ADAPTIVE,RAIL-A,true,0.000,IDEMPOTENT_DUPLICATE_REUSE,,
262,2026-09-21T21:30:28.7505522+05:30,ADAPTIVE,RAIL-A,true,0.000,IDEMPOTENT_DUPLICATE_REUSE,,
264,2026-09-21T21:30:28.7505522+05:30,ADAPTIVE,RAIL-A,true,0.000,IDEMPOTENT_DUPLICATE_REUSE,,
263,2026-09-21T21:30:28.7505522+05:30,ADAPTIVE,RAIL-A,true,0.000,IDEMPOTENT_DUPLICATE_REUSE,,
224,2026-09-21T21:30:28.7505522+05:30,ADAPTIVE,RAIL-A,true,0.000,IDEMPOTENT_DUPLICATE_REUSE,,
261,2026-09-21T21:30:28.7505522+05:30,ADAPTIVE,RAIL-A,true,0.000,IDEMPOTENT_DUPLICATE_REUSE,,
268,2026-09-21T21:30:28.7505522+05:30,ADAPTIVE,RAIL-A,true,0.000,IDEMPOTENT_DUPLICATE_REUSE,,
269,2026-09-21T21:30:28.7505522+05:30,ADAPTIVE,RAIL-A,true,0.000,IDEMPOTENT_DUPLICATE_REUSE,,
270,2026-09-21T21:30:28.7505522+05:30,ADAPTIVE,RAIL-A,true,0.000,IDEMPOTENT_DUPLICATE_REUSE,,
271,2026-09-21T21:30:28.7505522+05:30,ADAPTIVE,RAIL-A,true,0.000,IDEMPOTENT_DUPLICATE_REUSE,,
267,2026-09-21T21:30:28.7505522+05:30,ADAPTIVE,RAIL-A,true,0.000,ADAPTIVE_HEALTH_SCORE,,
273,2026-09-21T21:30:28.7505522+05:30,ADAPTIVE,RAIL-A,true,0.000,IDEMPOTENT_DUPLICATE_REUSE,,
274,2026-09-21T21:30:28.7505522+05:30,ADAPTIVE,RAIL-A,true,0.000,IDEMPOTENT_DUPLICATE_REUSE,,
251,2026-09-21T21:30:28.7505522+05:30,ADAPTIVE,RAIL-A,true,0.000,IDEMPOTENT_DUPLICATE_REUSE,,
272,2026-09-21T21:30:28.7505522+05:30,ADAPTIVE,RAIL-A,true,0.000,ADAPTIVE_HEALTH_SCORE,,
276,2026-09-21T21:30:28.7505522+05:30,ADAPTIVE,RAIL-A,true,0.000,IDEMPOTENT_DUPLICATE_REUSE,,
277,2026-09-21T21:30:28.7505522+05:30,ADAPTIVE,RAIL-A,true,0.000,IDEMPOTENT_DUPLICATE_REUSE,,
279,2026-09-21T21:30:28.7505522+05:30,ADAPTIVE,RAIL-A,true,0.000,ADAPTIVE_HEALTH_SCORE,,
280,2026-09-21T21:30:28.7505522+05:30,ADAPTIVE,RAIL-A,true,0.000,IDEMPOTENT_DUPLICATE_REUSE,,
258,2026-09-21T21:30:28.7505522+05:30,ADAPTIVE,RAIL-A,true,0.000,IDEMPOTENT_DUPLICATE_REUSE,,
281,2026-09-21T21:30:28.7505522+05:30,ADAPTIVE,RAIL-A,true,0.000,ADAPTIVE_HEALTH_SCORE,,
283,2026-09-21T21:30:28.7505522+05:30,ADAPTIVE,RAIL-A,true,0.000,IDEMPOTENT_DUPLICATE_REUSE,,
284,2026-09-21T21:30:28.7505522+05:30,ADAPTIVE,RAIL-A,true,0.000,ADAPTIVE_HEALTH_SCORE,,
285,2026-09-21T21:30:28.7505522+05:30,ADAPTIVE,RAIL-A,true,0.000,IDEMPOTENT_DUPLICATE_REUSE,,
278,2026-09-21T21:30:28.7505522+05:30,ADAPTIVE,RAIL-A,true,0.000,ADAPTIVE_HEALTH_SCORE,,
286,2026-09-21T21:30:28.7505522+05:30,ADAPTIVE,RAIL-A,true,0.000,ADAPTIVE_HEALTH_SCORE,,
287,2026-09-21T21:30:28.7505522+05:30,ADAPTIVE,RAIL-A,true,0.000,IDEMPOTENT_DUPLICATE_REUSE,,
288,2026-09-21T21:30:28.7505522+05:30,ADAPTIVE,RAIL-A,true,0.000,IDEMPOTENT_DUPLICATE_REUSE,,
282,2026-09-21T21:30:28.7505522+05:30,ADAPTIVE,RAIL-A,true,0.000,IDEMPOTENT_DUPLICATE_REUSE,,
290,2026-09-21T21:30:28.7505522+05:30,ADAPTIVE,RAIL-A,true,0.000,IDEMPOTENT_DUPLICATE_REUSE,,
291,2026-09-21T21:30:28.7505522+05:30,ADAPTIVE,RAIL-A,true,0.000,IDEMPOTENT_DUPLICATE_REUSE,,
292,2026-09-21T21:30:28.7505522+05:30,ADAPTIVE,RAIL-A,true,0.000,IDEMPOTENT_DUPLICATE_REUSE,,
293,2026-09-21T21:30:28.7505522+05:30,ADAPTIVE,RAIL-A,true,0.000,IDEMPOTENT_DUPLICATE_REUSE,,
294,2026-09-21T21:30:28.7505522+05:30,ADAPTIVE,RAIL-A,true,0.000,IDEMPOTENT_DUPLICATE_REUSE,,
296,2026-09-21T21:30:28.7505522+05:30,ADAPTIVE,RAIL-A,true,0.000,IDEMPOTENT_DUPLICATE_REUSE,,
297,2026-09-21T21:30:28.7505522+05:30,ADAPTIVE,RAIL-A,true,0.000,IDEMPOTENT_DUPLICATE_REUSE,,
295,2026-09-21T21:30:28.7505522+05:30,ADAPTIVE,RAIL-A,true,0.000,ADAPTIVE_HEALTH_SCORE,,
265,2026-09-21T21:30:28.7505522+05:30,ADAPTIVE,RAIL-A,true,0.000,IDEMPOTENT_DUPLICATE_REUSE,,
298,2026-09-21T21:30:28.7505522+05:30,ADAPTIVE,RAIL-A,true,0.000,ADAPTIVE_HEALTH_SCORE,,
299,2026-09-21T21:30:28.7505522+05:30,ADAPTIVE,RAIL-A,true,0.000,IDEMPOTENT_DUPLICATE_REUSE,,
289,2026-09-21T21:30:28.7505522+05:30,ADAPTIVE,RAIL-A,true,0.000,ADAPTIVE_HEALTH_SCORE,,
256,2026-09-21T21:30:28.7505522+05:30,ADAPTIVE,RAIL-A,true,0.000,ADAPTIVE_HEALTH_SCORE,,
245,2026-09-21T21:30:28.7505522+05:30,ADAPTIVE,RAIL-A,true,0.000,ADAPTIVE_HEALTH_SCORE,,
229,2026-09-21T21:30:28.7505522+05:30,ADAPTIVE,RAIL-A,true,0.000,ADAPTIVE_HEALTH_SCORE,,
266,2026-09-21T21:30:28.7505522+05:30,ADAPTIVE,RAIL-A,true,0.000,ADAPTIVE_HEALTH_SCORE,,
260,2026-09-21T21:30:28.7505522+05:30,ADAPTIVE,RAIL-A,true,0.000,IDEMPOTENT_DUPLICATE_REUSE,,
275,2026-09-21T21:30:28.7505522+05:30,ADAPTIVE,RAIL-A,true,0.000,IDEMPOTENT_DUPLICATE_REUSE,,
